size,time
100,0.000046
100,0.000015
100,0.000019
100,0.000014
100,0.000013
100,0.000012
100,0.000013
100,0.000012
100,0.000012
100,0.000013
1000,0.000186
1000,0.000225
1000,0.000187
1000,0.000177
1000,0.000175
1000,0.000178
1000,0.000192
1000,0.000175
1000,0.000175
1000,0.000175
10000,0.003321
10000,0.003384
10000,0.002475
10000,0.002470
10000,0.002395
10000,0.002536
10000,0.002981
10000,0.003493
10000,0.002648
10000,0.002417
