size,time
100,0.000017
100,0.000018
100,0.000012
100,0.000012
100,0.000012
100,0.000012
100,0.000013
100,0.000014
100,0.000015
100,0.000016
1000,0.000164
1000,0.000174
1000,0.000190
1000,0.000209
1000,0.000154
1000,0.000164
1000,0.000163
1000,0.000177
1000,0.000173
1000,0.000156
10000,0.002892
10000,0.002325
10000,0.002056
10000,0.002414
10000,0.002394
10000,0.002289
10000,0.002175
10000,0.002748
10000,0.002434
10000,0.002309
